[
{
  "model": "WePay.userprofile",
  "pk": 1,
  "fields": {
    "user": 2,
    "chain_key": ""
  }
},
{
  "model": "WePay.userprofile",
  "pk": 2,
  "fields": {
    "user": 1,
    "chain_key": ""
  }
},
{
  "model": "WePay.userprofile",
  "pk": 3,
  "fields": {
    "user": 3,
    "chain_key": ""
  }
},
{
  "model": "WePay.userprofile",
  "pk": 4,
  "fields": {
    "user": 5,
    "chain_key": ""
  }
},
{
  "model": "WePay.userprofile",
  "pk": 5,
  "fields": {
    "user": 6,
    "chain_key": ""
  }
},
{
  "model": "WePay.userprofile",
  "pk": 6,
  "fields": {
    "user": 4,
    "chain_key": ""
  }
},
{
  "model": "WePay.userprofile",
  "pk": 7,
  "fields": {
    "user": 7,
    "chain_key": ""
  }
},
{
  "model": "WePay.bills",
  "pk": 1,
  "fields": {
    "header": 2,
    "name": "Test",
    "pub_date": "2022-10-30T08:45:00Z"
  }
},
{
  "model": "WePay.bills",
  "pk": 2,
  "fields": {
    "header": 2,
    "name": "Test_create",
    "pub_date": "2022-10-30T09:45:31Z"
  }
},
{
  "model": "WePay.bills",
  "pk": 3,
  "fields": {
    "header": 6,
    "name": "BLABLA",
    "pub_date": "2022-11-03T07:42:51.698Z"
  }
},
{
  "model": "WePay.bills",
  "pk": 4,
  "fields": {
    "header": 6,
    "name": "blabllablal",
    "pub_date": "2022-11-03T08:29:48.651Z"
  }
},
{
  "model": "WePay.bills",
  "pk": 5,
  "fields": {
    "header": 2,
    "name": "gihoih",
    "pub_date": "2022-11-04T08:03:02.527Z"
  }
},
{
  "model": "WePay.bills",
  "pk": 6,
  "fields": {
    "header": 3,
    "name": "weagewrgv3w",
    "pub_date": "2022-11-04T08:04:11.540Z"
  }
},
{
  "model": "WePay.bills",
  "pk": 7,
  "fields": {
    "header": 3,
    "name": "weagewrgv3w",
    "pub_date": "2022-11-04T08:06:01.509Z"
  }
},
{
  "model": "WePay.bills",
  "pk": 8,
  "fields": {
    "header": 3,
    "name": "fwetfthjtreh",
    "pub_date": "2022-11-04T08:09:57.931Z"
  }
},
{
  "model": "WePay.bills",
  "pk": 9,
  "fields": {
    "header": 3,
    "name": "yktryt7i56345egfeg2r",
    "pub_date": "2022-11-04T08:15:24.042Z"
  }
},
{
  "model": "WePay.bills",
  "pk": 10,
  "fields": {
    "header": 3,
    "name": "htmribouvfeyf3",
    "pub_date": "2022-11-04T08:17:24.260Z"
  }
},
{
  "model": "WePay.bills",
  "pk": 11,
  "fields": {
    "header": 3,
    "name": "f4thn57u6yj6",
    "pub_date": "2022-11-04T08:18:03.560Z"
  }
},
{
  "model": "WePay.bills",
  "pk": 12,
  "fields": {
    "header": 3,
    "name": "j857j65eytgt4gr",
    "pub_date": "2022-11-04T08:24:20.282Z"
  }
},
{
  "model": "WePay.bills",
  "pk": 13,
  "fields": {
    "header": 3,
    "name": "h56jh5ew",
    "pub_date": "2022-11-04T08:29:16.351Z"
  }
},
{
  "model": "WePay.bills",
  "pk": 14,
  "fields": {
    "header": 3,
    "name": "h56jh5ew",
    "pub_date": "2022-11-04T08:34:32.091Z"
  }
},
{
  "model": "WePay.bills",
  "pk": 15,
  "fields": {
    "header": 3,
    "name": "h56jh5ew",
    "pub_date": "2022-11-04T08:37:05.488Z"
  }
},
{
  "model": "WePay.bills",
  "pk": 16,
  "fields": {
    "header": 3,
    "name": "h56jh5ew",
    "pub_date": "2022-11-04T08:41:55.279Z"
  }
},
{
  "model": "WePay.bills",
  "pk": 17,
  "fields": {
    "header": 3,
    "name": "j857j65eytgt4gr",
    "pub_date": "2022-11-04T08:42:01.216Z"
  }
},
{
  "model": "WePay.bills",
  "pk": 18,
  "fields": {
    "header": 3,
    "name": "asd",
    "pub_date": "2022-11-04T08:42:27.167Z"
  }
},
{
  "model": "WePay.bills",
  "pk": 19,
  "fields": {
    "header": 2,
    "name": "rf3rg",
    "pub_date": "2022-11-04T08:43:55.616Z"
  }
},
{
  "model": "WePay.bills",
  "pk": 20,
  "fields": {
    "header": 2,
    "name": "rf3rg",
    "pub_date": "2022-11-04T08:44:48.091Z"
  }
},
{
  "model": "WePay.bills",
  "pk": 21,
  "fields": {
    "header": 2,
    "name": "rf3rg",
    "pub_date": "2022-11-04T08:45:40.724Z"
  }
},
{
  "model": "WePay.bills",
  "pk": 22,
  "fields": {
    "header": 2,
    "name": "rf3rg",
    "pub_date": "2022-11-04T08:48:02.127Z"
  }
},
{
  "model": "WePay.bills",
  "pk": 23,
  "fields": {
    "header": 2,
    "name": "oooooooooo",
    "pub_date": "2022-11-04T08:48:29.115Z"
  }
},
{
  "model": "WePay.bills",
  "pk": 24,
  "fields": {
    "header": 3,
    "name": "kfgu,crkr3gvriuuikje3dyrdkij",
    "pub_date": "2022-11-04T08:48:53.100Z"
  }
},
{
  "model": "WePay.bills",
  "pk": 25,
  "fields": {
    "header": 3,
    "name": "Something",
    "pub_date": "2022-11-04T08:51:19.485Z"
  }
},
{
  "model": "WePay.bills",
  "pk": 26,
  "fields": {
    "header": 5,
    "name": "banana",
    "pub_date": "2022-11-04T16:14:09.789Z"
  }
},
{
  "model": "WePay.bills",
  "pk": 27,
  "fields": {
    "header": 4,
    "name": "something",
    "pub_date": "2022-11-04T16:15:51.268Z"
  }
},
{
  "model": "WePay.bills",
  "pk": 28,
  "fields": {
    "header": 5,
    "name": "somethingg",
    "pub_date": "2022-11-04T17:17:24.514Z"
  }
},
{
  "model": "WePay.bills",
  "pk": 29,
  "fields": {
    "header": 4,
    "name": "Thanadol",
    "pub_date": "2022-11-05T07:08:56.250Z"
  }
},
{
  "model": "WePay.bills",
  "pk": 30,
  "fields": {
    "header": 4,
    "name": "vdvdree",
    "pub_date": "2022-11-05T07:31:21.397Z"
  }
},
{
  "model": "WePay.bills",
  "pk": 31,
  "fields": {
    "header": 7,
    "name": "banana",
    "pub_date": "2022-11-05T07:40:03.191Z"
  }
},
{
  "model": "WePay.bills",
  "pk": 32,
  "fields": {
    "header": 5,
    "name": "tttt",
    "pub_date": "2022-11-05T15:58:58.794Z"
  }
},
{
  "model": "WePay.topic",
  "pk": 1,
  "fields": {
    "title": "dwfwef",
    "price": 343434,
    "bill": 1,
    "user": [
      2
    ]
  }
},
{
  "model": "WePay.topic",
  "pk": 2,
  "fields": {
    "title": "ADSADL",
    "price": 2000,
    "bill": 1,
    "user": [
      2,
      3
    ]
  }
},
{
  "model": "WePay.topic",
  "pk": 3,
  "fields": {
    "title": "shabushi",
    "price": 3000,
    "bill": 3,
    "user": [
      1,
      2
    ]
  }
},
{
  "model": "WePay.topic",
  "pk": 4,
  "fields": {
    "title": "sgewrge",
    "price": 5,
    "bill": 5,
    "user": [
      3,
      4
    ]
  }
},
{
  "model": "WePay.topic",
  "pk": 5,
  "fields": {
    "title": "gewafvw3rgverwg",
    "price": 4989482,
    "bill": 6,
    "user": [
      1,
      2,
      4
    ]
  }
},
{
  "model": "WePay.topic",
  "pk": 6,
  "fields": {
    "title": "gewafvw3rgverwg",
    "price": 4989482,
    "bill": 7,
    "user": [
      1,
      2,
      4
    ]
  }
},
{
  "model": "WePay.topic",
  "pk": 7,
  "fields": {
    "title": "fwetgerwyhw45eyhw4",
    "price": 4,
    "bill": 8,
    "user": [
      1,
      3
    ]
  }
},
{
  "model": "WePay.topic",
  "pk": 8,
  "fields": {
    "title": "65ytguogbduchg3biqulv",
    "price": 7,
    "bill": 9,
    "user": [
      1,
      2,
      4
    ]
  }
},
{
  "model": "WePay.topic",
  "pk": 9,
  "fields": {
    "title": "whd7qyewvbiuehf3ewfr4",
    "price": 6,
    "bill": 10,
    "user": [
      5,
      6
    ]
  }
},
{
  "model": "WePay.topic",
  "pk": 10,
  "fields": {
    "title": "h867i5u4tfw",
    "price": 4,
    "bill": 11,
    "user": [
      1,
      5,
      6
    ]
  }
},
{
  "model": "WePay.topic",
  "pk": 11,
  "fields": {
    "title": "rvf3e2tyh45j56t",
    "price": 5,
    "bill": 12,
    "user": [
      1,
      2,
      3,
      4
    ]
  }
},
{
  "model": "WePay.topic",
  "pk": 12,
  "fields": {
    "title": "ilutytgverth5tr",
    "price": 4,
    "bill": 13,
    "user": [
      2,
      3
    ]
  }
},
{
  "model": "WePay.topic",
  "pk": 13,
  "fields": {
    "title": "ilutytgverth5tr",
    "price": 4,
    "bill": 14,
    "user": [
      2,
      3
    ]
  }
},
{
  "model": "WePay.topic",
  "pk": 14,
  "fields": {
    "title": "ilutytgverth5tr",
    "price": 4,
    "bill": 15,
    "user": [
      2,
      3
    ]
  }
},
{
  "model": "WePay.topic",
  "pk": 15,
  "fields": {
    "title": "ilutytgverth5tr",
    "price": 4,
    "bill": 16,
    "user": [
      2,
      3
    ]
  }
},
{
  "model": "WePay.topic",
  "pk": 16,
  "fields": {
    "title": "rvf3e2tyh45j56t",
    "price": 5,
    "bill": 17,
    "user": [
      1,
      2,
      3,
      4
    ]
  }
},
{
  "model": "WePay.topic",
  "pk": 17,
  "fields": {
    "title": "asd",
    "price": 111,
    "bill": 18,
    "user": [
      4
    ]
  }
},
{
  "model": "WePay.topic",
  "pk": 18,
  "fields": {
    "title": "uh765gh456",
    "price": 5,
    "bill": 19,
    "user": [
      2,
      3,
      4
    ]
  }
},
{
  "model": "WePay.topic",
  "pk": 19,
  "fields": {
    "title": "uh765gh456",
    "price": 5,
    "bill": 20,
    "user": [
      2,
      3,
      4
    ]
  }
},
{
  "model": "WePay.topic",
  "pk": 20,
  "fields": {
    "title": "uh765gh456",
    "price": 5,
    "bill": 21,
    "user": [
      2,
      3,
      4
    ]
  }
},
{
  "model": "WePay.topic",
  "pk": 21,
  "fields": {
    "title": "uh765gh456",
    "price": 5,
    "bill": 22,
    "user": [
      2,
      3,
      4
    ]
  }
},
{
  "model": "WePay.topic",
  "pk": 22,
  "fields": {
    "title": "yYyyYyYyyyY",
    "price": 5,
    "bill": 23,
    "user": [
      1,
      2,
      3,
      4,
      5,
      6
    ]
  }
},
{
  "model": "WePay.topic",
  "pk": 23,
  "fields": {
    "title": "idegxuwesgxieooooo",
    "price": 5,
    "bill": 24,
    "user": [
      2,
      3,
      4
    ]
  }
},
{
  "model": "WePay.topic",
  "pk": 24,
  "fields": {
    "title": "Food",
    "price": 100,
    "bill": 25,
    "user": [
      1,
      2,
      3,
      4
    ]
  }
},
{
  "model": "WePay.topic",
  "pk": 25,
  "fields": {
    "title": "nanaba",
    "price": 5,
    "bill": 26,
    "user": [
      1,
      3
    ]
  }
},
{
  "model": "WePay.topic",
  "pk": 26,
  "fields": {
    "title": "i dont know",
    "price": 5,
    "bill": 27,
    "user": [
      2,
      3,
      4,
      5
    ]
  }
},
{
  "model": "WePay.topic",
  "pk": 27,
  "fields": {
    "title": "pppppp",
    "price": 15,
    "bill": 28,
    "user": [
      1,
      2,
      3,
      4
    ]
  }
},
{
  "model": "WePay.topic",
  "pk": 28,
  "fields": {
    "title": "Vacation",
    "price": 270,
    "bill": 29,
    "user": [
      1,
      2,
      3
    ]
  }
},
{
  "model": "WePay.topic",
  "pk": 29,
  "fields": {
    "title": "veefve",
    "price": 4,
    "bill": 30,
    "user": [
      3,
      4,
      5,
      6,
      7
    ]
  }
},
{
  "model": "WePay.topic",
  "pk": 30,
  "fields": {
    "title": "papaya",
    "price": 7,
    "bill": 31,
    "user": [
      5,
      6,
      7
    ]
  }
},
{
  "model": "WePay.topic",
  "pk": 31,
  "fields": {
    "title": "mamamama",
    "price": 4,
    "bill": 32,
    "user": [
      4,
      5,
      6
    ]
  }
},
{
  "model": "WePay.payment",
  "pk": 1,
  "fields": {
    "user": 4,
    "date": null,
    "bill": 18,
    "status": "UNPAID",
    "payment_type": "Cash"
  }
},
{
  "model": "WePay.payment",
  "pk": 2,
  "fields": {
    "user": 4,
    "date": null,
    "bill": 18,
    "status": "UNPAID",
    "payment_type": "Cash"
  }
},
{
  "model": "WePay.payment",
  "pk": 3,
  "fields": {
    "user": 2,
    "date": null,
    "bill": 24,
    "status": "UNPAID",
    "payment_type": "Cash"
  }
},
{
  "model": "WePay.payment",
  "pk": 4,
  "fields": {
    "user": 3,
    "date": null,
    "bill": 24,
    "status": "UNPAID",
    "payment_type": "Cash"
  }
},
{
  "model": "WePay.payment",
  "pk": 5,
  "fields": {
    "user": 4,
    "date": null,
    "bill": 24,
    "status": "UNPAID",
    "payment_type": "Cash"
  }
},
{
  "model": "WePay.payment",
  "pk": 6,
  "fields": {
    "user": 1,
    "date": null,
    "bill": 25,
    "status": "UNPAID",
    "payment_type": "Cash"
  }
},
{
  "model": "WePay.payment",
  "pk": 7,
  "fields": {
    "user": 2,
    "date": null,
    "bill": 25,
    "status": "UNPAID",
    "payment_type": "Cash"
  }
},
{
  "model": "WePay.payment",
  "pk": 8,
  "fields": {
    "user": 3,
    "date": null,
    "bill": 25,
    "status": "UNPAID",
    "payment_type": "Cash"
  }
},
{
  "model": "WePay.payment",
  "pk": 9,
  "fields": {
    "user": 4,
    "date": null,
    "bill": 25,
    "status": "UNPAID",
    "payment_type": "Cash"
  }
},
{
  "model": "WePay.payment",
  "pk": 10,
  "fields": {
    "user": 1,
    "date": null,
    "bill": 26,
    "status": "UNPAID",
    "payment_type": "Cash"
  }
},
{
  "model": "WePay.payment",
  "pk": 11,
  "fields": {
    "user": 3,
    "date": null,
    "bill": 26,
    "status": "UNPAID",
    "payment_type": "Cash"
  }
},
{
  "model": "WePay.payment",
  "pk": 12,
  "fields": {
    "user": 1,
    "date": null,
    "bill": 26,
    "status": "UNPAID",
    "payment_type": "Cash"
  }
},
{
  "model": "WePay.payment",
  "pk": 13,
  "fields": {
    "user": 3,
    "date": null,
    "bill": 26,
    "status": "UNPAID",
    "payment_type": "Cash"
  }
},
{
  "model": "WePay.payment",
  "pk": 14,
  "fields": {
    "user": 1,
    "date": null,
    "bill": 28,
    "status": "UNPAID",
    "payment_type": "Cash"
  }
},
{
  "model": "WePay.payment",
  "pk": 15,
  "fields": {
    "user": 2,
    "date": null,
    "bill": 28,
    "status": "UNPAID",
    "payment_type": "Cash"
  }
},
{
  "model": "WePay.payment",
  "pk": 16,
  "fields": {
    "user": 3,
    "date": null,
    "bill": 28,
    "status": "UNPAID",
    "payment_type": "Cash"
  }
},
{
  "model": "WePay.payment",
  "pk": 17,
  "fields": {
    "user": 4,
    "date": null,
    "bill": 28,
    "status": "UNPAID",
    "payment_type": "Cash"
  }
},
{
  "model": "WePay.payment",
  "pk": 18,
  "fields": {
    "user": 1,
    "date": null,
    "bill": 29,
    "status": "UNPAID",
    "payment_type": "Cash"
  }
},
{
  "model": "WePay.payment",
  "pk": 19,
  "fields": {
    "user": 2,
    "date": null,
    "bill": 29,
    "status": "UNPAID",
    "payment_type": "Cash"
  }
},
{
  "model": "WePay.payment",
  "pk": 20,
  "fields": {
    "user": 3,
    "date": null,
    "bill": 29,
    "status": "UNPAID",
    "payment_type": "Cash"
  }
},
{
  "model": "WePay.payment",
  "pk": 21,
  "fields": {
    "user": 5,
    "date": null,
    "bill": 31,
    "status": "UNPAID",
    "payment_type": "Cash"
  }
},
{
  "model": "WePay.payment",
  "pk": 22,
  "fields": {
    "user": 6,
    "date": null,
    "bill": 31,
    "status": "UNPAID",
    "payment_type": "Cash"
  }
},
{
  "model": "WePay.payment",
  "pk": 23,
  "fields": {
    "user": 7,
    "date": null,
    "bill": 31,
    "status": "UNPAID",
    "payment_type": "Cash"
  }
},
{
  "model": "WePay.payment",
  "pk": 24,
  "fields": {
    "user": 5,
    "date": null,
    "bill": 31,
    "status": "UNPAID",
    "payment_type": "Cash"
  }
},
{
  "model": "WePay.payment",
  "pk": 25,
  "fields": {
    "user": 6,
    "date": null,
    "bill": 31,
    "status": "UNPAID",
    "payment_type": "Cash"
  }
},
{
  "model": "WePay.payment",
  "pk": 26,
  "fields": {
    "user": 7,
    "date": null,
    "bill": 31,
    "status": "UNPAID",
    "payment_type": "Cash"
  }
},
{
  "model": "admin.logentry",
  "pk": 1,
  "fields": {
    "action_time": "2022-10-30T05:20:09.629Z",
    "user": 1,
    "content_type": 12,
    "object_id": "1",
    "object_repr": "127.0.0.1",
    "action_flag": 2,
    "change_message": "[{\"changed\": {\"fields\": [\"Domain name\"]}}]"
  }
},
{
  "model": "admin.logentry",
  "pk": 2,
  "fields": {
    "action_time": "2022-10-30T05:20:49.948Z",
    "user": 1,
    "content_type": 16,
    "object_id": "1",
    "object_repr": "Line",
    "action_flag": 1,
    "change_message": "[{\"added\": {}}]"
  }
},
{
  "model": "admin.logentry",
  "pk": 3,
  "fields": {
    "action_time": "2022-10-30T05:20:55.728Z",
    "user": 1,
    "content_type": 16,
    "object_id": "1",
    "object_repr": "Line",
    "action_flag": 2,
    "change_message": "[{\"changed\": {\"fields\": [\"Sites\"]}}]"
  }
},
{
  "model": "admin.logentry",
  "pk": 4,
  "fields": {
    "action_time": "2022-10-30T05:21:22.874Z",
    "user": 1,
    "content_type": 16,
    "object_id": "2",
    "object_repr": "Github",
    "action_flag": 1,
    "change_message": "[{\"added\": {}}]"
  }
},
{
  "model": "admin.logentry",
  "pk": 5,
  "fields": {
    "action_time": "2022-10-30T05:22:39.559Z",
    "user": 1,
    "content_type": 16,
    "object_id": "3",
    "object_repr": "Google",
    "action_flag": 1,
    "change_message": "[{\"added\": {}}]"
  }
},
{
  "model": "admin.logentry",
  "pk": 6,
  "fields": {
    "action_time": "2022-10-30T05:23:10.506Z",
    "user": 1,
    "content_type": 16,
    "object_id": "4",
    "object_repr": "Discord",
    "action_flag": 1,
    "change_message": "[{\"added\": {}}]"
  }
},
{
  "model": "admin.logentry",
  "pk": 7,
  "fields": {
    "action_time": "2022-10-30T05:25:59.370Z",
    "user": 1,
    "content_type": 16,
    "object_id": "4",
    "object_repr": "Discord",
    "action_flag": 2,
    "change_message": "[{\"changed\": {\"fields\": [\"Sites\"]}}]"
  }
},
{
  "model": "admin.logentry",
  "pk": 8,
  "fields": {
    "action_time": "2022-10-30T05:26:03.653Z",
    "user": 1,
    "content_type": 16,
    "object_id": "3",
    "object_repr": "Google",
    "action_flag": 2,
    "change_message": "[{\"changed\": {\"fields\": [\"Sites\"]}}]"
  }
},
{
  "model": "admin.logentry",
  "pk": 9,
  "fields": {
    "action_time": "2022-10-30T05:26:07.420Z",
    "user": 1,
    "content_type": 16,
    "object_id": "2",
    "object_repr": "Github",
    "action_flag": 2,
    "change_message": "[]"
  }
},
{
  "model": "admin.logentry",
  "pk": 10,
  "fields": {
    "action_time": "2022-10-30T05:26:10.852Z",
    "user": 1,
    "content_type": 16,
    "object_id": "1",
    "object_repr": "Line",
    "action_flag": 2,
    "change_message": "[]"
  }
},
{
  "model": "admin.logentry",
  "pk": 11,
  "fields": {
    "action_time": "2022-10-30T08:45:06.434Z",
    "user": 1,
    "content_type": 1,
    "object_id": "1",
    "object_repr": "Bills(header=test_wepay, name=Test, pub_date=2022-10-30 15:45:00+07:00)",
    "action_flag": 1,
    "change_message": "[{\"added\": {}}]"
  }
},
{
  "model": "admin.logentry",
  "pk": 12,
  "fields": {
    "action_time": "2022-10-30T09:45:41.321Z",
    "user": 1,
    "content_type": 1,
    "object_id": "2",
    "object_repr": "Bills(header=test_wepay, name=Test_create, pub_date=2022-10-30 16:45:31+07:00)",
    "action_flag": 1,
    "change_message": "[{\"added\": {}}]"
  }
},
{
  "model": "admin.logentry",
  "pk": 13,
  "fields": {
    "action_time": "2022-11-01T08:02:42.747Z",
    "user": 1,
    "content_type": 3,
    "object_id": "2",
    "object_repr": "Topic object (2)",
    "action_flag": 3,
    "change_message": ""
  }
},
{
  "model": "auth.permission",
  "pk": 1,
  "fields": {
    "name": "Can add Bill",
    "content_type": 1,
    "codename": "add_bills"
  }
},
{
  "model": "auth.permission",
  "pk": 2,
  "fields": {
    "name": "Can change Bill",
    "content_type": 1,
    "codename": "change_bills"
  }
},
{
  "model": "auth.permission",
  "pk": 3,
  "fields": {
    "name": "Can delete Bill",
    "content_type": 1,
    "codename": "delete_bills"
  }
},
{
  "model": "auth.permission",
  "pk": 4,
  "fields": {
    "name": "Can view Bill",
    "content_type": 1,
    "codename": "view_bills"
  }
},
{
  "model": "auth.permission",
  "pk": 5,
  "fields": {
    "name": "Can add user profile",
    "content_type": 2,
    "codename": "add_userprofile"
  }
},
{
  "model": "auth.permission",
  "pk": 6,
  "fields": {
    "name": "Can change user profile",
    "content_type": 2,
    "codename": "change_userprofile"
  }
},
{
  "model": "auth.permission",
  "pk": 7,
  "fields": {
    "name": "Can delete user profile",
    "content_type": 2,
    "codename": "delete_userprofile"
  }
},
{
  "model": "auth.permission",
  "pk": 8,
  "fields": {
    "name": "Can view user profile",
    "content_type": 2,
    "codename": "view_userprofile"
  }
},
{
  "model": "auth.permission",
  "pk": 9,
  "fields": {
    "name": "Can add topic",
    "content_type": 3,
    "codename": "add_topic"
  }
},
{
  "model": "auth.permission",
  "pk": 10,
  "fields": {
    "name": "Can change topic",
    "content_type": 3,
    "codename": "change_topic"
  }
},
{
  "model": "auth.permission",
  "pk": 11,
  "fields": {
    "name": "Can delete topic",
    "content_type": 3,
    "codename": "delete_topic"
  }
},
{
  "model": "auth.permission",
  "pk": 12,
  "fields": {
    "name": "Can view topic",
    "content_type": 3,
    "codename": "view_topic"
  }
},
{
  "model": "auth.permission",
  "pk": 13,
  "fields": {
    "name": "Can add omise payment",
    "content_type": 4,
    "codename": "add_omisepayment"
  }
},
{
  "model": "auth.permission",
  "pk": 14,
  "fields": {
    "name": "Can change omise payment",
    "content_type": 4,
    "codename": "change_omisepayment"
  }
},
{
  "model": "auth.permission",
  "pk": 15,
  "fields": {
    "name": "Can delete omise payment",
    "content_type": 4,
    "codename": "delete_omisepayment"
  }
},
{
  "model": "auth.permission",
  "pk": 16,
  "fields": {
    "name": "Can view omise payment",
    "content_type": 4,
    "codename": "view_omisepayment"
  }
},
{
  "model": "auth.permission",
  "pk": 17,
  "fields": {
    "name": "Can add cash payment",
    "content_type": 5,
    "codename": "add_cashpayment"
  }
},
{
  "model": "auth.permission",
  "pk": 18,
  "fields": {
    "name": "Can change cash payment",
    "content_type": 5,
    "codename": "change_cashpayment"
  }
},
{
  "model": "auth.permission",
  "pk": 19,
  "fields": {
    "name": "Can delete cash payment",
    "content_type": 5,
    "codename": "delete_cashpayment"
  }
},
{
  "model": "auth.permission",
  "pk": 20,
  "fields": {
    "name": "Can view cash payment",
    "content_type": 5,
    "codename": "view_cashpayment"
  }
},
{
  "model": "auth.permission",
  "pk": 21,
  "fields": {
    "name": "Can add log entry",
    "content_type": 6,
    "codename": "add_logentry"
  }
},
{
  "model": "auth.permission",
  "pk": 22,
  "fields": {
    "name": "Can change log entry",
    "content_type": 6,
    "codename": "change_logentry"
  }
},
{
  "model": "auth.permission",
  "pk": 23,
  "fields": {
    "name": "Can delete log entry",
    "content_type": 6,
    "codename": "delete_logentry"
  }
},
{
  "model": "auth.permission",
  "pk": 24,
  "fields": {
    "name": "Can view log entry",
    "content_type": 6,
    "codename": "view_logentry"
  }
},
{
  "model": "auth.permission",
  "pk": 25,
  "fields": {
    "name": "Can add permission",
    "content_type": 7,
    "codename": "add_permission"
  }
},
{
  "model": "auth.permission",
  "pk": 26,
  "fields": {
    "name": "Can change permission",
    "content_type": 7,
    "codename": "change_permission"
  }
},
{
  "model": "auth.permission",
  "pk": 27,
  "fields": {
    "name": "Can delete permission",
    "content_type": 7,
    "codename": "delete_permission"
  }
},
{
  "model": "auth.permission",
  "pk": 28,
  "fields": {
    "name": "Can view permission",
    "content_type": 7,
    "codename": "view_permission"
  }
},
{
  "model": "auth.permission",
  "pk": 29,
  "fields": {
    "name": "Can add group",
    "content_type": 8,
    "codename": "add_group"
  }
},
{
  "model": "auth.permission",
  "pk": 30,
  "fields": {
    "name": "Can change group",
    "content_type": 8,
    "codename": "change_group"
  }
},
{
  "model": "auth.permission",
  "pk": 31,
  "fields": {
    "name": "Can delete group",
    "content_type": 8,
    "codename": "delete_group"
  }
},
{
  "model": "auth.permission",
  "pk": 32,
  "fields": {
    "name": "Can view group",
    "content_type": 8,
    "codename": "view_group"
  }
},
{
  "model": "auth.permission",
  "pk": 33,
  "fields": {
    "name": "Can add user",
    "content_type": 9,
    "codename": "add_user"
  }
},
{
  "model": "auth.permission",
  "pk": 34,
  "fields": {
    "name": "Can change user",
    "content_type": 9,
    "codename": "change_user"
  }
},
{
  "model": "auth.permission",
  "pk": 35,
  "fields": {
    "name": "Can delete user",
    "content_type": 9,
    "codename": "delete_user"
  }
},
{
  "model": "auth.permission",
  "pk": 36,
  "fields": {
    "name": "Can view user",
    "content_type": 9,
    "codename": "view_user"
  }
},
{
  "model": "auth.permission",
  "pk": 37,
  "fields": {
    "name": "Can add content type",
    "content_type": 10,
    "codename": "add_contenttype"
  }
},
{
  "model": "auth.permission",
  "pk": 38,
  "fields": {
    "name": "Can change content type",
    "content_type": 10,
    "codename": "change_contenttype"
  }
},
{
  "model": "auth.permission",
  "pk": 39,
  "fields": {
    "name": "Can delete content type",
    "content_type": 10,
    "codename": "delete_contenttype"
  }
},
{
  "model": "auth.permission",
  "pk": 40,
  "fields": {
    "name": "Can view content type",
    "content_type": 10,
    "codename": "view_contenttype"
  }
},
{
  "model": "auth.permission",
  "pk": 41,
  "fields": {
    "name": "Can add session",
    "content_type": 11,
    "codename": "add_session"
  }
},
{
  "model": "auth.permission",
  "pk": 42,
  "fields": {
    "name": "Can change session",
    "content_type": 11,
    "codename": "change_session"
  }
},
{
  "model": "auth.permission",
  "pk": 43,
  "fields": {
    "name": "Can delete session",
    "content_type": 11,
    "codename": "delete_session"
  }
},
{
  "model": "auth.permission",
  "pk": 44,
  "fields": {
    "name": "Can view session",
    "content_type": 11,
    "codename": "view_session"
  }
},
{
  "model": "auth.permission",
  "pk": 45,
  "fields": {
    "name": "Can add site",
    "content_type": 12,
    "codename": "add_site"
  }
},
{
  "model": "auth.permission",
  "pk": 46,
  "fields": {
    "name": "Can change site",
    "content_type": 12,
    "codename": "change_site"
  }
},
{
  "model": "auth.permission",
  "pk": 47,
  "fields": {
    "name": "Can delete site",
    "content_type": 12,
    "codename": "delete_site"
  }
},
{
  "model": "auth.permission",
  "pk": 48,
  "fields": {
    "name": "Can view site",
    "content_type": 12,
    "codename": "view_site"
  }
},
{
  "model": "auth.permission",
  "pk": 49,
  "fields": {
    "name": "Can add email address",
    "content_type": 13,
    "codename": "add_emailaddress"
  }
},
{
  "model": "auth.permission",
  "pk": 50,
  "fields": {
    "name": "Can change email address",
    "content_type": 13,
    "codename": "change_emailaddress"
  }
},
{
  "model": "auth.permission",
  "pk": 51,
  "fields": {
    "name": "Can delete email address",
    "content_type": 13,
    "codename": "delete_emailaddress"
  }
},
{
  "model": "auth.permission",
  "pk": 52,
  "fields": {
    "name": "Can view email address",
    "content_type": 13,
    "codename": "view_emailaddress"
  }
},
{
  "model": "auth.permission",
  "pk": 53,
  "fields": {
    "name": "Can add email confirmation",
    "content_type": 14,
    "codename": "add_emailconfirmation"
  }
},
{
  "model": "auth.permission",
  "pk": 54,
  "fields": {
    "name": "Can change email confirmation",
    "content_type": 14,
    "codename": "change_emailconfirmation"
  }
},
{
  "model": "auth.permission",
  "pk": 55,
  "fields": {
    "name": "Can delete email confirmation",
    "content_type": 14,
    "codename": "delete_emailconfirmation"
  }
},
{
  "model": "auth.permission",
  "pk": 56,
  "fields": {
    "name": "Can view email confirmation",
    "content_type": 14,
    "codename": "view_emailconfirmation"
  }
},
{
  "model": "auth.permission",
  "pk": 57,
  "fields": {
    "name": "Can add social account",
    "content_type": 15,
    "codename": "add_socialaccount"
  }
},
{
  "model": "auth.permission",
  "pk": 58,
  "fields": {
    "name": "Can change social account",
    "content_type": 15,
    "codename": "change_socialaccount"
  }
},
{
  "model": "auth.permission",
  "pk": 59,
  "fields": {
    "name": "Can delete social account",
    "content_type": 15,
    "codename": "delete_socialaccount"
  }
},
{
  "model": "auth.permission",
  "pk": 60,
  "fields": {
    "name": "Can view social account",
    "content_type": 15,
    "codename": "view_socialaccount"
  }
},
{
  "model": "auth.permission",
  "pk": 61,
  "fields": {
    "name": "Can add social application",
    "content_type": 16,
    "codename": "add_socialapp"
  }
},
{
  "model": "auth.permission",
  "pk": 62,
  "fields": {
    "name": "Can change social application",
    "content_type": 16,
    "codename": "change_socialapp"
  }
},
{
  "model": "auth.permission",
  "pk": 63,
  "fields": {
    "name": "Can delete social application",
    "content_type": 16,
    "codename": "delete_socialapp"
  }
},
{
  "model": "auth.permission",
  "pk": 64,
  "fields": {
    "name": "Can view social application",
    "content_type": 16,
    "codename": "view_socialapp"
  }
},
{
  "model": "auth.permission",
  "pk": 65,
  "fields": {
    "name": "Can add social application token",
    "content_type": 17,
    "codename": "add_socialtoken"
  }
},
{
  "model": "auth.permission",
  "pk": 66,
  "fields": {
    "name": "Can change social application token",
    "content_type": 17,
    "codename": "change_socialtoken"
  }
},
{
  "model": "auth.permission",
  "pk": 67,
  "fields": {
    "name": "Can delete social application token",
    "content_type": 17,
    "codename": "delete_socialtoken"
  }
},
{
  "model": "auth.permission",
  "pk": 68,
  "fields": {
    "name": "Can view social application token",
    "content_type": 17,
    "codename": "view_socialtoken"
  }
},
{
  "model": "auth.permission",
  "pk": 69,
  "fields": {
    "name": "Can add bay payment",
    "content_type": 18,
    "codename": "add_baypayment"
  }
},
{
  "model": "auth.permission",
  "pk": 70,
  "fields": {
    "name": "Can change bay payment",
    "content_type": 18,
    "codename": "change_baypayment"
  }
},
{
  "model": "auth.permission",
  "pk": 71,
  "fields": {
    "name": "Can delete bay payment",
    "content_type": 18,
    "codename": "delete_baypayment"
  }
},
{
  "model": "auth.permission",
  "pk": 72,
  "fields": {
    "name": "Can view bay payment",
    "content_type": 18,
    "codename": "view_baypayment"
  }
},
{
  "model": "auth.permission",
  "pk": 73,
  "fields": {
    "name": "Can add bbl payment",
    "content_type": 19,
    "codename": "add_bblpayment"
  }
},
{
  "model": "auth.permission",
  "pk": 74,
  "fields": {
    "name": "Can change bbl payment",
    "content_type": 19,
    "codename": "change_bblpayment"
  }
},
{
  "model": "auth.permission",
  "pk": 75,
  "fields": {
    "name": "Can delete bbl payment",
    "content_type": 19,
    "codename": "delete_bblpayment"
  }
},
{
  "model": "auth.permission",
  "pk": 76,
  "fields": {
    "name": "Can view bbl payment",
    "content_type": 19,
    "codename": "view_bblpayment"
  }
},
{
  "model": "auth.permission",
  "pk": 77,
  "fields": {
    "name": "Can add prompt pay payment",
    "content_type": 20,
    "codename": "add_promptpaypayment"
  }
},
{
  "model": "auth.permission",
  "pk": 78,
  "fields": {
    "name": "Can change prompt pay payment",
    "content_type": 20,
    "codename": "change_promptpaypayment"
  }
},
{
  "model": "auth.permission",
  "pk": 79,
  "fields": {
    "name": "Can delete prompt pay payment",
    "content_type": 20,
    "codename": "delete_promptpaypayment"
  }
},
{
  "model": "auth.permission",
  "pk": 80,
  "fields": {
    "name": "Can view prompt pay payment",
    "content_type": 20,
    "codename": "view_promptpaypayment"
  }
},
{
  "model": "auth.permission",
  "pk": 81,
  "fields": {
    "name": "Can add scb payment",
    "content_type": 21,
    "codename": "add_scbpayment"
  }
},
{
  "model": "auth.permission",
  "pk": 82,
  "fields": {
    "name": "Can change scb payment",
    "content_type": 21,
    "codename": "change_scbpayment"
  }
},
{
  "model": "auth.permission",
  "pk": 83,
  "fields": {
    "name": "Can delete scb payment",
    "content_type": 21,
    "codename": "delete_scbpayment"
  }
},
{
  "model": "auth.permission",
  "pk": 84,
  "fields": {
    "name": "Can view scb payment",
    "content_type": 21,
    "codename": "view_scbpayment"
  }
},
{
  "model": "auth.permission",
  "pk": 85,
  "fields": {
    "name": "Can add stb payment",
    "content_type": 22,
    "codename": "add_stbpayment"
  }
},
{
  "model": "auth.permission",
  "pk": 86,
  "fields": {
    "name": "Can change stb payment",
    "content_type": 22,
    "codename": "change_stbpayment"
  }
},
{
  "model": "auth.permission",
  "pk": 87,
  "fields": {
    "name": "Can delete stb payment",
    "content_type": 22,
    "codename": "delete_stbpayment"
  }
},
{
  "model": "auth.permission",
  "pk": 88,
  "fields": {
    "name": "Can view stb payment",
    "content_type": 22,
    "codename": "view_stbpayment"
  }
},
{
  "model": "auth.permission",
  "pk": 89,
  "fields": {
    "name": "Can add ktb payment",
    "content_type": 23,
    "codename": "add_ktbpayment"
  }
},
{
  "model": "auth.permission",
  "pk": 90,
  "fields": {
    "name": "Can change ktb payment",
    "content_type": 23,
    "codename": "change_ktbpayment"
  }
},
{
  "model": "auth.permission",
  "pk": 63,
  "fields": {
    "name": "Can delete social application",
    "content_type": 16,
    "codename": "delete_socialapp"
  }
},
{
  "model": "auth.permission",
  "pk": 64,
  "fields": {
    "name": "Can view social application",
    "content_type": 16,
    "codename": "view_socialapp"
  }
},
{
  "model": "auth.permission",
  "pk": 65,
  "fields": {
    "name": "Can add social application token",
    "content_type": 17,
    "codename": "add_socialtoken"
  }
},
{
  "model": "auth.permission",
  "pk": 66,
  "fields": {
    "name": "Can change social application token",
    "content_type": 17,
    "codename": "change_socialtoken"
  }
},
{
  "model": "auth.permission",
  "pk": 67,
  "fields": {
    "name": "Can delete social application token",
    "content_type": 17,
    "codename": "delete_socialtoken"
  }
},
{
  "model": "auth.permission",
  "pk": 68,
  "fields": {
    "name": "Can view social application token",
    "content_type": 17,
    "codename": "view_socialtoken"
  }
},
{
  "model": "auth.permission",
  "pk": 69,
  "fields": {
    "name": "Can add bay payment",
    "content_type": 18,
    "codename": "add_baypayment"
  }
},
{
  "model": "auth.permission",
  "pk": 70,
  "fields": {
    "name": "Can change bay payment",
    "content_type": 18,
    "codename": "change_baypayment"
  }
},
{
  "model": "auth.permission",
  "pk": 71,
  "fields": {
    "name": "Can delete bay payment",
    "content_type": 18,
    "codename": "delete_baypayment"
  }
},
{
  "model": "auth.permission",
  "pk": 72,
  "fields": {
    "name": "Can view bay payment",
    "content_type": 18,
    "codename": "view_baypayment"
  }
},
{
  "model": "auth.permission",
  "pk": 73,
  "fields": {
    "name": "Can add bbl payment",
    "content_type": 19,
    "codename": "add_bblpayment"
  }
},
{
  "model": "auth.permission",
  "pk": 74,
  "fields": {
    "name": "Can change bbl payment",
    "content_type": 19,
    "codename": "change_bblpayment"
  }
},
{
  "model": "auth.permission",
  "pk": 75,
  "fields": {
    "name": "Can delete bbl payment",
    "content_type": 19,
    "codename": "delete_bblpayment"
  }
},
{
  "model": "auth.permission",
  "pk": 76,
  "fields": {
    "name": "Can view bbl payment",
    "content_type": 19,
    "codename": "view_bblpayment"
  }
},
{
  "model": "auth.permission",
  "pk": 77,
  "fields": {
    "name": "Can add prompt pay payment",
    "content_type": 20,
    "codename": "add_promptpaypayment"
  }
},
{
  "model": "auth.permission",
  "pk": 78,
  "fields": {
    "name": "Can change prompt pay payment",
    "content_type": 20,
    "codename": "change_promptpaypayment"
  }
},
{
  "model": "auth.permission",
  "pk": 79,
  "fields": {
    "name": "Can delete prompt pay payment",
    "content_type": 20,
    "codename": "delete_promptpaypayment"
  }
},
{
  "model": "auth.permission",
  "pk": 80,
  "fields": {
    "name": "Can view prompt pay payment",
    "content_type": 20,
    "codename": "view_promptpaypayment"
  }
},
{
  "model": "auth.permission",
  "pk": 81,
  "fields": {
    "name": "Can add scb payment",
    "content_type": 21,
    "codename": "add_scbpayment"
  }
},
{
  "model": "auth.permission",
  "pk": 82,
  "fields": {
    "name": "Can change scb payment",
    "content_type": 21,
    "codename": "change_scbpayment"
  }
},
{
  "model": "auth.permission",
  "pk": 83,
  "fields": {
    "name": "Can delete scb payment",
    "content_type": 21,
    "codename": "delete_scbpayment"
  }
},
{
  "model": "auth.permission",
  "pk": 84,
  "fields": {
    "name": "Can view scb payment",
    "content_type": 21,
    "codename": "view_scbpayment"
  }
},
{
  "model": "auth.permission",
  "pk": 85,
  "fields": {
    "name": "Can add stb payment",
    "content_type": 22,
    "codename": "add_stbpayment"
  }
},
{
  "model": "auth.permission",
  "pk": 86,
  "fields": {
    "name": "Can change stb payment",
    "content_type": 22,
    "codename": "change_stbpayment"
  }
},
{
  "model": "auth.permission",
  "pk": 87,
  "fields": {
    "name": "Can delete stb payment",
    "content_type": 22,
    "codename": "delete_stbpayment"
  }
},
{
  "model": "auth.permission",
  "pk": 88,
  "fields": {
    "name": "Can view stb payment",
    "content_type": 22,
    "codename": "view_stbpayment"
  }
},
{
  "model": "auth.permission",
  "pk": 89,
  "fields": {
    "name": "Can add ktb payment",
    "content_type": 23,
    "codename": "add_ktbpayment"
  }
},
{
  "model": "auth.permission",
  "pk": 90,
  "fields": {
    "name": "Can change ktb payment",
    "content_type": 23,
    "codename": "change_ktbpayment"
  }
},
{
  "model": "auth.permission",
  "pk": 91,
  "fields": {
    "name": "Can delete ktb payment",
    "content_type": 23,
    "codename": "delete_ktbpayment"
  }
},
{
  "model": "auth.permission",
  "pk": 92,
  "fields": {
    "name": "Can view ktb payment",
    "content_type": 23,
    "codename": "view_ktbpayment"
  }
},
{
  "model": "auth.permission",
  "pk": 93,
  "fields": {
    "name": "Can add payment",
    "content_type": 24,
    "codename": "add_payment"
  }
},
{
  "model": "auth.permission",
  "pk": 94,
  "fields": {
    "name": "Can change payment",
    "content_type": 24,
    "codename": "change_payment"
  }
},
{
  "model": "auth.permission",
  "pk": 95,
  "fields": {
    "name": "Can delete payment",
    "content_type": 24,
    "codename": "delete_payment"
  }
},
{
  "model": "auth.permission",
  "pk": 96,
  "fields": {
    "name": "Can view payment",
    "content_type": 24,
    "codename": "view_payment"
  }
},
{
  "model": "auth.user",
  "pk": 1,
  "fields": {
    "password": "pbkdf2_sha256$390000$2tnnnVyY9POAVl7dX2f4KP$OUxJVGNqynO/tPPYHd+LEyDb4cqRH64OX10/X4CtDpE=",
    "last_login": "2022-11-05T02:57:42.008Z",
    "is_superuser": true,
    "username": "test_wepay",
    "first_name": "",
    "last_name": "",
    "email": "",
    "is_staff": true,
    "is_active": true,
    "date_joined": "2022-10-30T05:13:53.541Z",
    "groups": [],
    "user_permissions": []
  }
},
{
  "model": "auth.user",
  "pk": 2,
  "fields": {
    "password": "!YbC2sfYq2TlENAtscI7oo5xC2Y9WVShFlXVaxLGD",
    "last_login": "2022-11-01T08:58:23.800Z",
    "is_superuser": false,
    "username": "Ue7c797c25a611e97acddb3b11d8dce4e",
    "first_name": "ゴッド",
    "last_name": "(God)",
    "email": "",
    "is_staff": false,
    "is_active": true,
    "date_joined": "2022-10-30T05:14:34.470Z",
    "groups": [],
    "user_permissions": []
  }
},
{
  "model": "auth.user",
  "pk": 3,
  "fields": {
    "password": "!jVu7C4nPC1fCZmt98w7JdrS5DNQUj7iYJdGwgfNw",
    "last_login": "2022-11-04T17:27:32.996Z",
    "is_superuser": false,
    "username": "GOD",
    "first_name": "GOD",
    "last_name": "",
    "email": "godjangg@gmail.com",
    "is_staff": false,
    "is_active": true,
    "date_joined": "2022-10-30T05:26:32.455Z",
    "groups": [],
    "user_permissions": []
  }
},
{
  "model": "auth.user",
  "pk": 4,
  "fields": {
    "password": "!HVSIgpOIM7iGeHNue0fCJmpCAS53fpWb9wC844DB",
    "last_login": "2022-11-03T07:33:51.967Z",
    "is_superuser": false,
    "username": "siravich",
    "first_name": "Siravich",
    "last_name": "TERMVADSAYANON",
    "email": "siravich.te@ku.th",
    "is_staff": false,
    "is_active": true,
    "date_joined": "2022-10-30T05:41:09.307Z",
    "groups": [],
    "user_permissions": []
  }
},
{
  "model": "auth.user",
  "pk": 5,
  "fields": {
    "password": "!R3KahUP1wb0Pge8A0vzkNes56kFkWtVlk9wGcxtv",
    "last_login": "2022-11-05T06:32:51.890Z",
    "is_superuser": false,
    "username": "thanadol",
    "first_name": "Thanadol",
    "last_name": "UDOMSIRINANCHAI",
    "email": "thanadol.ud@ku.th",
    "is_staff": false,
    "is_active": true,
    "date_joined": "2022-10-30T11:45:36.764Z",
    "groups": [],
    "user_permissions": []
  }
},
{
  "model": "auth.user",
  "pk": 6,
  "fields": {
    "password": "!JF05Ud9KppM2QQnxdnLHTYTkBL1EXMgD0123x7rT",
    "last_login": "2022-11-04T17:16:45.798Z",
    "is_superuser": false,
    "username": "Tezigudo",
    "first_name": "Preawpan",
    "last_name": "Thamapipol",
    "email": "",
    "is_staff": false,
    "is_active": true,
    "date_joined": "2022-11-01T07:40:14.092Z",
    "groups": [],
    "user_permissions": []
  }
},
{
  "model": "auth.user",
  "pk": 7,
  "fields": {
    "password": "!M3vkP8IGemq9ND3O4PbD1OpSJtZQQAqTf4AYRfKC",
    "last_login": "2022-11-05T15:58:40.349Z",
    "is_superuser": false,
    "username": "preawpan",
    "first_name": "Preawpan",
    "last_name": "THAMAPIPOL",
    "email": "preawpan.t@ku.th",
    "is_staff": false,
    "is_active": true,
    "date_joined": "2022-11-05T07:19:38.427Z",
    "groups": [],
    "user_permissions": []
  }
},
{
  "model": "contenttypes.contenttype",
  "pk": 1,
  "fields": {
    "app_label": "WePay",
    "model": "bills"
  }
},
{
  "model": "contenttypes.contenttype",
  "pk": 2,
  "fields": {
    "app_label": "WePay",
    "model": "userprofile"
  }
},
{
  "model": "contenttypes.contenttype",
  "pk": 3,
  "fields": {
    "app_label": "WePay",
    "model": "topic"
  }
},
{
  "model": "contenttypes.contenttype",
  "pk": 4,
  "fields": {
    "app_label": "WePay",
    "model": "omisepayment"
  }
},
{
  "model": "contenttypes.contenttype",
  "pk": 5,
  "fields": {
    "app_label": "WePay",
    "model": "cashpayment"
  }
},
{
  "model": "contenttypes.contenttype",
  "pk": 6,
  "fields": {
    "app_label": "admin",
    "model": "logentry"
  }
},
{
  "model": "contenttypes.contenttype",
  "pk": 7,
  "fields": {
    "app_label": "auth",
    "model": "permission"
  }
},
{
  "model": "contenttypes.contenttype",
  "pk": 8,
  "fields": {
    "app_label": "auth",
    "model": "group"
  }
},
{
  "model": "contenttypes.contenttype",
  "pk": 9,
  "fields": {
    "app_label": "auth",
    "model": "user"
  }
},
{
  "model": "contenttypes.contenttype",
  "pk": 10,
  "fields": {
    "app_label": "contenttypes",
    "model": "contenttype"
  }
},
{
  "model": "contenttypes.contenttype",
  "pk": 11,
  "fields": {
    "app_label": "sessions",
    "model": "session"
  }
},
{
  "model": "contenttypes.contenttype",
  "pk": 12,
  "fields": {
    "app_label": "sites",
    "model": "site"
  }
},
{
  "model": "contenttypes.contenttype",
  "pk": 13,
  "fields": {
    "app_label": "account",
    "model": "emailaddress"
  }
},
{
  "model": "contenttypes.contenttype",
  "pk": 14,
  "fields": {
    "app_label": "account",
    "model": "emailconfirmation"
  }
},
{
  "model": "contenttypes.contenttype",
  "pk": 15,
  "fields": {
    "app_label": "socialaccount",
    "model": "socialaccount"
  }
},
{
  "model": "contenttypes.contenttype",
  "pk": 16,
  "fields": {
    "app_label": "socialaccount",
    "model": "socialapp"
  }
},
{
  "model": "contenttypes.contenttype",
  "pk": 17,
  "fields": {
    "app_label": "socialaccount",
    "model": "socialtoken"
  }
},
{
  "model": "contenttypes.contenttype",
  "pk": 18,
  "fields": {
    "app_label": "WePay",
    "model": "baypayment"
  }
},
{
  "model": "contenttypes.contenttype",
  "pk": 19,
  "fields": {
    "app_label": "WePay",
    "model": "bblpayment"
  }
},
{
  "model": "contenttypes.contenttype",
  "pk": 20,
  "fields": {
    "app_label": "WePay",
    "model": "promptpaypayment"
  }
},
{
  "model": "contenttypes.contenttype",
  "pk": 21,
  "fields": {
    "app_label": "WePay",
    "model": "scbpayment"
  }
},
{
  "model": "contenttypes.contenttype",
  "pk": 22,
  "fields": {
    "app_label": "WePay",
    "model": "stbpayment"
  }
},
{
  "model": "contenttypes.contenttype",
  "pk": 23,
  "fields": {
    "app_label": "WePay",
    "model": "ktbpayment"
  }
},
{
  "model": "contenttypes.contenttype",
  "pk": 24,
  "fields": {
    "app_label": "WePay",
    "model": "payment"
  }
},
{
  "model": "sessions.session",
  "pk": "0qmt7646b2plg8ix8pkzlkr2y5jyd1zv",
  "fields": {
    "session_data": ".eJxVjMEOwiAQRP-FsyGCbAFv-iMEdpdAbGhi4WT8d1vTgx7nzcx7iRBHL2Gs_AyVxFVcxOmXpYgPbnsR53nHMiIuo3X53Rz1Km9b4tYrxl6Xdj9ef6oS17J5vFea0TgFTiEZO2VGQvAEmQxMKjtWNp0TOMOWNYBBnR15n7OxZEG8P731PHo:1or0Td:eyXFklvqZ2euyCOdbFTMV5lUQG5CDr5s9mFXOizzYZg",
    "expire_date": "2022-11-18T17:27:33.000Z"
  }
},
{
  "model": "sessions.session",
  "pk": "2rcbnpxncyy6h5xxkm6mk2tnr3b83uou",
  "fields": {
    "session_data": ".eJxVjMEOwiAQRP-FsyFgoZQevfsNZFl2LWqoKW2iMf67bdKDHmfmzXuLAMs8hKXSFHISvdDi8NtFwBuVbUhXKJdR4ljmKUe5IXJfqzyPie6nnf0TDFCH9W2iM2ytA9ZkWjSAkXXjkdlCimvklsA4d-SuiUq3XmGHmrxHZY1D3qSVas1jCfR85OklevX5AsXUQAc:1op5GQ:CtT1qi5SQKtYoBbzq46qlhE6zPGHmogLMW7wEFOCcN8",
    "expire_date": "2022-11-13T10:09:58.650Z"
  }
},
{
  "model": "sessions.session",
  "pk": "7awxm2h9vwh6umvjcw653yzbft87yjfw",
  "fields": {
    "session_data": ".eJxVjEEOAiEUQ-_C2hAGwQ_u9CLkA59AnDCJwMp4dxkzC921fW1fzOHo2Y1GT1ciuzLFTr-Zx_CgugNc1z3mGMI2auffzoEbv01HtZeAvWz1fqz-rjK2PH-S0tEqUATpPBXIJXljbSQJ0tKijRHiEkP0dhKrwSihAiDpJABM0uz9AaqWO8A:1op1Dq:eNDjiss5OjnkhhagDpRgi27pP9vmIJT6fWqc6ksdFIQ",
    "expire_date": "2022-11-13T05:51:02.302Z"
  }
},
{
  "model": "sessions.session",
  "pk": "8288gepiebkzzn68666ju4e4jbctx4cb",
  "fields": {
    "session_data": ".eJxVjEEOgyAQRe8y68aghQ64ay9CRhgiKcVEoZumdy82btz9-W_--wA5t9Rc7JvXGCJ7yy-KCcZcU7qApVpmWzdebfQwgoRTN5F7ct4BpbTX3aHr_j8H3rp7uziX6KjEJT-O1Uk10zY3T5DKG4mSMVxbwqEPkzbG84CD4V5pLcTNOz-ZRoxCLYV0SKyCQNRBwfcHcPxHJg:1op14H:tdb_zLGV4erscwN92bNDi4Iu-30YkQzEStst-tDYGSQ",
    "expire_date": "2022-11-13T05:41:09.524Z"
  }
},
{
  "model": "sessions.session",
  "pk": "aw2cq3n7p6iw8mo2svjwy734ifm3wppb",
  "fields": {
    "session_data": ".eJxVjE0OgyAQhe_CujEIguCuvQgZhiGSUkwUuml692rjxtXL-_s-DBCXVqp705piouDoBSmzqbScb8xBq7NrG60uBTYxxS6ZB3xSOQrI-Yi7E9f9N2e9dffdUakJoaalPM7XBTXDNu8cEQIn23MIfJQiQuS7ysF74c3gpQjaShgsIhlQEDVqaZSJY1Q9VxY1-_4AhdFHqQ:1op6ky:ZotSJGHjBtxtiVE_omfXvsV8dt3UvDasBUvlJdSOzbw",
    "expire_date": "2022-11-13T11:45:36.795Z"
  }
},
{
  "model": "sessions.session",
  "pk": "b1f36jf7hfcgmlgalwvbc8ixsuylrn0a",
  "fields": {
    "session_data": ".eJxVjMEOwiAQRP-FsyFgoZQevfsNZFl2LWqoKW2iMf67bdKDHmfmzXuLAMs8hKXSFHISvdDi8NtFwBuVbUhXKJdR4ljmKUe5IXJfqzyPie6nnf0TDFCH9W2iM2ytA9ZkWjSAkXXjkdlCimvklsA4d-SuiUq3XmGHmrxHZY1D3qSVas1jCfR85OklevX5AsXUQAc:1oplyz:Lzv2RkGY1TUfGg7pdM1d1RaYu0vHaS7qQuz4Kb7b2iI",
    "expire_date": "2022-11-15T07:46:49.001Z"
  }
},
{
  "model": "sessions.session",
  "pk": "hm4xfb62dy5qa66jfglrdxxzdhr7n8j3",
  "fields": {
    "session_data": ".eJxVjEEOAiEUQ-_C2hAGwQ_u9CLkA59AnDCJwMp4dxkzC921fW1fzOHo2Y1GT1ciuzLFTr-Zx_CgugNc1z3mGMI2auffzoEbv01HtZeAvWz1fqz-rjK2PH-S0tEqUATpPBXIJXljbSQJ0tKijRHiEkP0dhKrwSihAiDpJABM0uz9AaqWO8A:1oqUjX:O9dLed5o3sUzfSlIsvYpznJLDU48JiN2BpDQ3t03lh0",
    "expire_date": "2022-11-17T07:33:51.976Z"
  }
},
{
  "model": "sessions.session",
  "pk": "q9a1af2w55zmfvufg5ycfl8xijcx71li",
  "fields": {
    "session_data": "eyJzb2NpYWxhY2NvdW50X3N0YXRlIjpbeyJuZXh0IjoiL2JpbGwvIiwicHJvY2VzcyI6ImxvZ2luIiwic2NvcGUiOiIiLCJhdXRoX3BhcmFtcyI6IiJ9LCJ4akJPdEg1VjJjcTAiXX0:1op4Bz:VUib3Q3kIWo4VGCa68IPURUAtdFaiOJBrVan9DYVlyM",
    "expire_date": "2022-11-13T09:01:19.884Z"
  }
},
{
  "model": "sessions.session",
  "pk": "ql9b28mqccr3pmdynd6g79kpbunp5d90",
  "fields": {
    "session_data": ".eJxVjMEOwiAQRP-FsyFgoZQevfsNZFl2LWqoKW2iMf67bdKDHmfmzXuLAMs8hKXSFHISvdDi8NtFwBuVbUhXKJdR4ljmKUe5IXJfqzyPie6nnf0TDFCH9W2iM2ytA9ZkWjSAkXXjkdlCimvklsA4d-SuiUq3XmGHmrxHZY1D3qSVas1jCfR85OklevX5AsXUQAc:1oplyO:McVez_hy_cbAxG0cv6536Jqd4lgZw6hJG7UhcHzWHqI",
    "expire_date": "2022-11-15T07:46:12.765Z"
  }
},
{
  "model": "sessions.session",
  "pk": "qopu3zdga5hfkiy3rppc067h7xseoaax",
  "fields": {
    "session_data": ".eJxVjMEOwiAQRP-FsyGCbAFv-iMEdpdAbGhi4WT8d1vTgx7nzcx7iRBHL2Gs_AyVxFVcxOmXpYgPbnsR53nHMiIuo3X53Rz1Km9b4tYrxl6Xdj9ef6oS17J5vFea0TgFTiEZO2VGQvAEmQxMKjtWNp0TOMOWNYBBnR15n7OxZEG8P731PHo:1oqrf3:6QGSPH4uACY_stfneQQJcck-hFp4a8LaH4ZwhgGT524",
    "expire_date": "2022-11-18T08:02:45.792Z"
  }
},
{
  "model": "sessions.session",
  "pk": "rrx6a44kuwwavr1mzgwgp4qttbsefuah",
  "fields": {
    "session_data": ".eJxVjE0OwiAUhO_C2hDKX8GdXoQ8HhCIDU0EVsa7S00XuprMfDPzIg5Gz260-HQlkCtR5PKbecBHrAeAbTtiCoj7qJ1-Oydu9DZdrL0g9LLX-7n6u8rQ8vzhIbBoFwaBrYInSGyqkN5zb6QXPGgrQFrEaEBB0qiFUSatSS1MWdTk_QG_azxD:1orCjb:UEdflBrgjCQxbA_7DIadB5WOpOAykKg_9Doan2fJFUE",
    "expire_date": "2022-11-19T06:32:51.895Z"
  }
},
{
  "model": "sessions.session",
  "pk": "sh1qldp14q3fzon6dgk3lo7b4pgxgyta",
  "fields": {
    "session_data": ".eJxVjMEOgyAQRP-Fc2OKZQW8tT9CcHeJpBQTgV6a_nu18eJx3sy8j_CIS8vVvXmNITI5fvmYxJhbShfhfKuza4VXF0mM4iZObPL45LwXPqUdd4eu-2-OunT3LXGuEX2NS34cr5Nq9mXePNbKnlEZCUYiKT0ERkKwBIEUDDIYlnq6TmAUa-4BFPbBkLUhKE0axPcHhFtH4A:1op0q8:8z9bel3Eq8IL_KwMXkqeO75O2_eDH4E6YKNqydSU_IQ",
    "expire_date": "2022-11-13T05:26:32.476Z"
  }
},
{
  "model": "sessions.session",
  "pk": "ud3gtt3sxd24oi83ciwiybij7zgo9nmu",
  "fields": {
    "session_data": ".eJxVjEEOgyAURO_y140RBAR39SLkA59ISjFR6Kbp3VsbNy7nzcx7A3q_tlLti7YUEwVLT0wZptJyvoHFVhfbdtpsCjDBCBfm0D-oHAXmfODu1HX_zVnv3f2XqNTksaa1zOfrolpwXw4PkpGKHDIljHdeizH2LI6B8UHw4KSSYojKqSC1YJwr00ft3WC4ZE4JDZ8viYZHKA:1orDSs:0t7d9v8Y-t2GwNoa1P0h2QG8l4iwNiKGaPK3UQWyPlo",
    "expire_date": "2022-11-19T07:19:38.451Z"
  }
},
{
  "model": "sessions.session",
  "pk": "wwgl1r1m6zif1kk3rf8617q0fg5vwz25",
  "fields": {
    "session_data": ".eJxVjMEOwiAQRP-FsyFgFygevfsNZFlYqRpISnsy_rtt0oMeZ96beYuA61LC2vMcpiQuQovTbxeRnrnuID2w3pukVpd5inJX5EG7vLWUX9fD_Tso2Mu2huiAjXHIOoMlQIqsB0_MBlPcItuM4NyZxyEqbb2ikXT2npQBRyw-XwvFOMo:1or9NO:JzXFuGQn_FrjqXaeV6-6sgWEWuxXXk2crzwfd1eIXSQ",
    "expire_date": "2022-11-19T02:57:42.011Z"
  }
},
{
  "model": "sessions.session",
  "pk": "wwls5gfo2t9m9gbrtrxtokpqcor3kq2g",
  "fields": {
    "session_data": ".eJxVjM0OwiAQhN-Fs2nK3xa82RdpdhdIGxuaCJyM766YHvQ438x8T7Fgq-vSSnwsWxBXMYnLLyPke8y9wH3veEDmo-U6fDdnXYbbJ8VcN8a6HXk-X3-qFcvaPRi9hUgowXgmdmZKo0xTkEobFciCNToBQbDOSKXAj8kxaa-sJDBOvN7DIDvC:1orLZA:s2V7lyTIE_OHJDLxt_uuPRoE7PkCe03n_t8uzcYXQnc",
    "expire_date": "2022-11-19T15:58:40.351Z"
  }
},
{
  "model": "sessions.session",
  "pk": "x451vnohmcrtry8znq2ukywzxj3vtc80",
  "fields": {
    "session_data": ".eJxVjMEOwiAQRP-FsyFgoZQevfsNZFl2LWqoKW2iMf67bdKDHmfmzXuLAMs8hKXSFHISvdDi8NtFwBuVbUhXKJdR4ljmKUe5IXJfqzyPie6nnf0TDFCH9W2iM2ytA9ZkWjSAkXXjkdlCimvklsA4d-SuiUq3XmGHmrxHZY1D3qSVas1jCfR85OklevX5AsXUQAc:1op4CK:bA4hFdNfwJZ-f5wP1VjGB-tt9kPYjN5UHiSHmeeKO28",
    "expire_date": "2022-11-13T09:01:40.245Z"
  }
},
{
  "model": "sessions.session",
  "pk": "yeutdf6d335hskxmxmexvosc9a4psssv",
  "fields": {
    "session_data": ".eJxVjMsOwiAURP-FtWl4P9zZHyEXuARiQxMLK-O_K6YLXc6ZmfMkHkYvfhz48DWRK-Hk8ssCxDu2WcC2TbxAjPtoffluzvpYbp-ErdcIve5tPV9_qgJHmR5Fg0lIBebgdJYZmbDS6oxUx5Q4BeGkztYEJi1kY7QJyVjFNHOKAyOvN83OPCs:1opn6F:Bh0VwSpaKrkKoXoEe82WBmafRSciwseRml0c66Ll2T0",
    "expire_date": "2022-11-15T08:58:23.804Z"
  }
},
{
  "model": "sessions.session",
  "pk": "zp4fc8cjt52tekbt4mmh2m2z34z1d9s1",
  "fields": {
    "session_data": ".eJxVjMEOwiAQRP-FsyFgoZQevfsNZFl2LWqoKW2iMf67bdKDHmfmzXuLAMs8hKXSFHISvdDi8NtFwBuVbUhXKJdR4ljmKUe5IXJfqzyPie6nnf0TDFCH9W2iM2ytA9ZkWjSAkXXjkdlCimvklsA4d-SuiUq3XmGHmrxHZY1D3qSVas1jCfR85OklevX5AsXUQAc:1oplxU:DrCXOBXHV5nzv17gUQ7_Nj704lgrt6454CVn0QIzx40",
    "expire_date": "2022-11-15T07:45:16.414Z"
  }
},
{
  "model": "sites.site",
  "pk": 1,
  "fields": {
    "domain": "127.0.0.1",
    "name": "example.com"
  }
},
{
  "model": "account.emailaddress",
  "pk": 1,
  "fields": {
    "user": 3,
    "email": "godjangg@gmail.com",
    "verified": true,
    "primary": true
  }
},
{
  "model": "account.emailaddress",
  "pk": 2,
  "fields": {
    "user": 4,
    "email": "siravich.te@ku.th",
    "verified": true,
    "primary": true
  }
},
{
  "model": "account.emailaddress",
  "pk": 3,
  "fields": {
    "user": 5,
    "email": "thanadol.ud@ku.th",
    "verified": true,
    "primary": true
  }
},
{
  "model": "account.emailaddress",
  "pk": 4,
  "fields": {
    "user": 7,
    "email": "preawpan.t@ku.th",
    "verified": true,
    "primary": true
  }
},
{
  "model": "socialaccount.socialapp",
  "pk": 1,
  "fields": {
    "provider": "line",
    "name": "Line",
    "client_id": "1657597545",
    "secret": "74cb495ffafa2b03be77699de5714ac7",
    "key": "",
    "sites": [
      1
    ]
  }
},
{
  "model": "socialaccount.socialapp",
  "pk": 2,
  "fields": {
    "provider": "github",
    "name": "Github",
    "client_id": "aa42db2facbb11ebe3d7",
    "secret": "5517f1fdd1ff700fdf441714a3effe130e96f4ba",
    "key": "",
    "sites": [
      1
    ]
  }
},
{
  "model": "socialaccount.socialapp",
  "pk": 3,
  "fields": {
    "provider": "google",
    "name": "Google",
    "client_id": "914149665651-4c4nmo3h9m04lapo12b837tja9jba8jl.apps.googleusercontent.com",
    "secret": "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",
    "key": "",
    "sites": [
      1
    ]
  }
},
{
  "model": "socialaccount.socialapp",
  "pk": 4,
  "fields": {
    "provider": "discord",
    "name": "Discord",
    "client_id": "1032665615443443774",
    "secret": "pbQfEMna3_wL9G_dIUleqKBR7345B1B5",
    "key": "",
    "sites": [
      1
    ]
  }
},
{
  "model": "socialaccount.socialaccount",
  "pk": 1,
  "fields": {
    "user": 2,
    "provider": "line",
    "uid": "Ue7c797c25a611e97acddb3b11d8dce4e",
    "last_login": "2022-11-01T08:58:23.789Z",
    "date_joined": "2022-10-30T05:14:34.480Z",
    "extra_data": "{\"iss\": \"https://access.line.me\", \"sub\": \"Ue7c797c25a611e97acddb3b11d8dce4e\", \"aud\": \"1657597545\", \"exp\": 1667296702, \"iat\": 1667293102, \"amr\": [\"pwd\"], \"name\": \"\\u30b4\\u30c3\\u30c9 (God)\", \"picture\": \"https://profile.line-scdn.net/0hleiX5pFLM0pUISf7MCtMHWhkPScjDzUCLER8eXN2P3txQXBPP0B4L3MkOip-EXMVYE4reyJxaC58\"}"
  }
},
{
  "model": "socialaccount.socialaccount",
  "pk": 2,
  "fields": {
    "user": 3,
    "provider": "discord",
    "uid": "175388142117847040",
    "last_login": "2022-11-04T17:27:32.984Z",
    "date_joined": "2022-10-30T05:26:32.466Z",
    "extra_data": "{\"id\": \"175388142117847040\", \"username\": \"GOD\", \"avatar\": \"545bcee43b9142288e610e1697ba491b\", \"avatar_decoration\": null, \"discriminator\": \"6001\", \"public_flags\": 0, \"flags\": 0, \"banner\": null, \"banner_color\": \"#49f7f7\", \"accent_color\": 4847607, \"locale\": \"en-US\", \"mfa_enabled\": true, \"premium_type\": 0, \"email\": \"godjangg@gmail.com\", \"verified\": true}"
  }
},
{
  "model": "socialaccount.socialaccount",
  "pk": 3,
  "fields": {
    "user": 4,
    "provider": "google",
    "uid": "101468064962861918209",
    "last_login": "2022-11-03T07:33:51.935Z",
    "date_joined": "2022-10-30T05:41:09.347Z",
    "extra_data": "{\"id\": \"101468064962861918209\", \"email\": \"siravich.te@ku.th\", \"verified_email\": true, \"name\": \"Siravich TERMVADSAYANON\", \"given_name\": \"Siravich\", \"family_name\": \"TERMVADSAYANON\", \"picture\": \"https://lh3.googleusercontent.com/a/ALm5wu2b4oQn48nd-4QGmynyaxZnRLpG_ar87wxLIcqN=s96-c\", \"locale\": \"en\", \"hd\": \"ku.th\"}"
  }
},
{
  "model": "socialaccount.socialaccount",
  "pk": 4,
  "fields": {
    "user": 5,
    "provider": "google",
    "uid": "107041119969692332855",
    "last_login": "2022-11-05T06:32:51.867Z",
    "date_joined": "2022-10-30T11:45:36.773Z",
    "extra_data": "{\"id\": \"107041119969692332855\", \"email\": \"thanadol.ud@ku.th\", \"verified_email\": true, \"name\": \"Thanadol UDOMSIRINANCHAI\", \"given_name\": \"Thanadol\", \"family_name\": \"UDOMSIRINANCHAI\", \"picture\": \"https://lh3.googleusercontent.com/a/ALm5wu28fyB-McZUvD0KJidvwN8KWpgc40KqHP1E2RXk=s96-c\", \"locale\": \"en\", \"hd\": \"ku.th\"}"
  }
},
{
  "model": "socialaccount.socialaccount",
  "pk": 5,
  "fields": {
    "user": 6,
    "provider": "github",
    "uid": "80502090",
    "last_login": "2022-11-04T17:16:45.786Z",
    "date_joined": "2022-11-01T07:40:14.103Z",
    "extra_data": "{\"login\": \"Tezigudo\", \"id\": 80502090, \"node_id\": \"MDQ6VXNlcjgwNTAyMDkw\", \"avatar_url\": \"https://avatars.githubusercontent.com/u/80502090?v=4\", \"gravatar_id\": \"\", \"url\": \"https://api.github.com/users/Tezigudo\", \"html_url\": \"https://github.com/Tezigudo\", \"followers_url\": \"https://api.github.com/users/Tezigudo/followers\", \"following_url\": \"https://api.github.com/users/Tezigudo/following{/other_user}\", \"gists_url\": \"https://api.github.com/users/Tezigudo/gists{/gist_id}\", \"starred_url\": \"https://api.github.com/users/Tezigudo/starred{/owner}{/repo}\", \"subscriptions_url\": \"https://api.github.com/users/Tezigudo/subscriptions\", \"organizations_url\": \"https://api.github.com/users/Tezigudo/orgs\", \"repos_url\": \"https://api.github.com/users/Tezigudo/repos\", \"events_url\": \"https://api.github.com/users/Tezigudo/events{/privacy}\", \"received_events_url\": \"https://api.github.com/users/Tezigudo/received_events\", \"type\": \"User\", \"site_admin\": false, \"name\": \"Preawpan Thamapipol\", \"company\": null, \"blog\": \"\", \"location\": \"Bangkok, Thailand\", \"email\": null, \"hireable\": null, \"bio\": \"KU - SKE19\\r\\nInterested in AI and machine learning\", \"twitter_username\": null, \"public_repos\": 22, \"public_gists\": 0, \"followers\": 46, \"following\": 98, \"created_at\": \"2021-03-12T04:00:19Z\", \"updated_at\": \"2022-11-01T08:58:50Z\"}"
  }
},
{
  "model": "socialaccount.socialaccount",
  "pk": 6,
  "fields": {
    "user": 7,
    "provider": "google",
    "uid": "102104040772931581028",
    "last_login": "2022-11-05T15:58:40.341Z",
    "date_joined": "2022-11-05T07:19:38.440Z",
    "extra_data": "{\"id\": \"102104040772931581028\", \"email\": \"preawpan.t@ku.th\", \"verified_email\": true, \"name\": \"Preawpan THAMAPIPOL\", \"given_name\": \"Preawpan\", \"family_name\": \"THAMAPIPOL\", \"picture\": \"https://lh3.googleusercontent.com/a/ALm5wu0rEvngsMVcCZdRhTo-1vzjnmZ5Lugfw--rEar2=s96-c\", \"locale\": \"en\", \"hd\": \"ku.th\"}"
  }
}
]
